,0,1
MB-MG518-S-B.jpg,610,1598
MO-MG402-W-A.jpg,743,1996
MB-SD004-N-B.jpg,606,1656
OK-MG282-E-B.jpg,847,1875
OH-MG805S-B.jpg,1156,2328
MB-MG529-W-A.jpg,548,1986
OH-MG805N-A.jpg,1744,3344
MB-MG530-W-A.jpg,612,2033
MB-MG513-N-B.jpg,866,1573
MO-MG402-N-B.jpg,705,2222
MN-SD002-W-B.jpg,682,2155
MB-MG518-N-A.jpg,666,1953
IL-SF001-N-B.jpg,625,1951
IA-MG245-E-B.jpg,1100,2717
IA-MG245-W-A.jpg,1089,1982
IA-MG244-S-B.jpg,1153,2587
IL-SF001-S-A.jpg,582,1799
IL-MG604-E-A.jpg,1083,3138
MB-MG529-E-B.jpg,838,1773
MN-MG789E-A.jpg,1351,2260
IN-MG636-S-B.jpg,1076,2765
IN-MG631-E-B.jpg,756,2536
MB-MG517-E-B.jpg,690,1808
MB-SD004-S-B.jpg,625,1601
MB-MG517-N-B.jpg,624,1694
IA-MG243-S-B.jpg,710,1842
MB-SD004-N-A.jpg,603,1623
IN-MG638-S-A.jpg,999,2562
MN-SD002-E-B.jpg,1354,1837
MB-MG516-S-A.jpg,733,1812
MN-SD002-N-B.jpg,963,1793
IN-MG631-S-A.jpg,842,3066
IL-SF002-S-A.jpg,523,1961
MO-MG402-E-A.jpg,876,2407
IN-MG636-E-A.jpg,1047,2785
MN-SD002-E-A.jpg,1187,2467
MB-MG517-W-B.jpg,461,1735
MB-MG528-S-A.jpg,756,1763
MB-MG517-E-A.jpg,389,1866
IL-MG604-N-A.jpg,1147,2816
MB-MG513-W-A.jpg,641,2031
MB-MG530-N-B.jpg,754,1973
MN-MG790E-B.jpg,1263,2726
MB-SD004-E-B.jpg,675,1699
MB-MG530-E-A.jpg,566,1826
MN-MG788E-A.jpg,787,3098
MN-MG789W-A.jpg,1089,2721
MB-MG528-W-A.jpg,757,2183
MN-MG789S-A.jpg,1408,2531
IN-MG631-N-A.jpg,1396,3315
MB-MG529-N-A.jpg,756,2013
MN-SD001-N-B.jpg,908,2025
IN-MG636-S-A.jpg,708,2845
IN-MG636-N-B.jpg,855,2370
MB-MG530-S-B.jpg,648,1828
MB-MG529-S-B.jpg,924,2080
MN-SD001-W-B.jpg,883,2070
MN-MG788W-B.jpg,1053,2788
IA-MG244-W-B.jpg,1329,2568
MO-MG403-S-A.jpg,924,2879
MN-SD003-S-A.jpg,1022,2668
IN-MG638-N-A.jpg,688,2167
MO-MG404-N-B.jpg,653,2155
IL-MG604-S-A.jpg,436,2715
IL-SF002-W-B.jpg,646,1849
IN-MG638-S-B.jpg,1055,2213
IN-MG636-E-B.jpg,655,2445
OH-MG805W-B.jpg,1005,2063
MO-MG404-W-B.jpg,525,2087
MB-MG516-E-A.jpg,595,1596
MB-MG528-E-B.jpg,578,1945
IL-SF003-N-A.jpg,608,2088
MB-MG513-E-B.jpg,711,1811
MB-MG516-W-A.jpg,901,1817
IN-MG631-E-A.jpg,1060,2874
IA-MG244-W-A.jpg,933,2538
MN-SD002-S-A.jpg,1200,2472
MB-MG513-W-B.jpg,702,2050
IL-SF003-W-A.jpg,968,2281
MB-MG530-W-B.jpg,466,1964
MN-MG790W-A.jpg,1195,1812
MN-SD001-N-A.jpg,681,2348
IA-MG244-N-A.jpg,1124,2145
IL-MG604-N-B.jpg,891,2541
IL-SF003-W-B.jpg,888,2221
OH-MG799S-A.jpg,1423,2575
MO-MG404-N-A.jpg,790,2082
MO-MG402-E-B.jpg,536,2230
MN-MG788S-B.jpg,1019,3087
MB-MG528-S-B.jpg,824,1915
OK-MG282-N-B.jpg,513,1986
MB-MG530-N-A.jpg,651,2107
IL-SF001-E-B.jpg,697,1837
MB-MG518-S-A.jpg,486,1852
MB-MG518-N-B.jpg,366,2018
IL-SF001-W-B.jpg,883,1874
IN-MG638-E-B.jpg,801,2385
IL-MG604-S-B.jpg,737,2030
MO-MG403-W-A.jpg,891,1963
MN-SD001-E-A.jpg,637,1905
IN-MG638-E-A.jpg,1230,2584
MN-MG790N-B.jpg,1341,1922
IA-MG245-S-B.jpg,1078,2457
OH-MG805E-A.jpg,1111,2839
IL-SF001-N-A.jpg,840,2207
IA-MG244-S-D.jpg,1163,2375
IA-MG243-W-A.jpg,1010,1941
MB-SD004-W-A.jpg,614,1654
IL-SF002-E-B.jpg,664,1869
MB-SD005-N-B.jpg,655,1758
MN-MG788N-B.jpg,1149,2917
IL-SF002-N-A.jpg,778,1848
MB-SD005-S-B.jpg,653,1696
MN-SD002-W-A.jpg,609,2021
IA-MG245-W-B.jpg,1112,2104
IN-MG631-S-B.jpg,836,2785
MB-MG529-E-A.jpg,818,2057
MN-SD001-S-B.jpg,711,1952
MN-MG788S-A.jpg,1542,3252
MB-MG513-S-B.jpg,892,1939
MB-MG517-S-A.jpg,569,1955
IN-MG638-W-B.jpg,1029,2507
MN-MG790W-B.jpg,907,1883
IL-SF003-E-A.jpg,512,2230
MN-SD001-W-A.jpg,880,2031
IL-MG603-S-A.jpg,1027,3240
MB-SD004-E-A.jpg,687,1624
MO-MG404-W-A.jpg,732,2421
IL-SF003-S-A.jpg,664,1930
MB-SD004-S-A.jpg,687,1849
MO-MG403-W-B.jpg,655,1827
IL-MG604-W-B.jpg,953,3115
MO-MG404-S-B.jpg,733,1993
IA-MG243-S-A.jpg,905,2219
MN-SD001-S-A.jpg,677,1945
MB-SD004-W-B.jpg,619,1743
MB-MG516-S-B.jpg,595,1634
IN-MG636-N-A.jpg,880,2655
IL-MG603-E-B.jpg,604,1783
MO-MG403-N-B.jpg,966,2310
OH-MG805E-B.jpg,1507,2749
MB-MG530-E-B.jpg,681,1815
MB-MG518-W-B.jpg,335,1670
IL-SF001-W-A.jpg,753,2201
MB-MG528-E-A.jpg,911,2391
MB-MG516-E-B.jpg,625,1656
MO-MG404-S-A.jpg,601,2169
MB-MG517-S-B.jpg,533,1809
MB-MG529-W-B.jpg,789,1817
IN-MG638-N-B.jpg,973,2376
MO-MG403-E-B.jpg,638,2248
OH-MG805N-B.jpg,1097,2674
